QT_subject,relation,QT_object
TAZ Pro Owners,do recommend,it
Z height,changing during,print
Side fans,stopped,working
My Taz 6,chewing up,filament
printing,is in,squiggles
Taz 6 auto leveling,is,> 0.5 mm
TAZ 6,leveling,problems
Problems,is with,TAZ6
Additional Heating Resistors,is in,TAZ4
User46,need,bed leveling help
Taz 6,Probing,Problem
Posts,Reach out to,support team
anyone,wants,it
Nozzle,hitting,mount
Nozzle,is missing,wiper pad
Brand New MoarStruder,makes,loud
HS Tool Head 0.8,Made,expensive mistake
Any,Interested in,Manufacturing Parts
Taz 5,is with,SL 0.25 mm tool head
Vibration,is in,y axis
Lulzbot Support,is,Horrible
Taz 6,is with,Duet Wifi board
User100,Did just kill,my TAZ
Clogged,bore on,TAZ6
TAZ6,Bed,Vibration
PEI,Lifting off from,bed
TAZ 3,is with,TAZ 5 Extruder
TAZ6,leveling,washer
TAZ6,traveling to,it
Prints,shifting on,TAZ 6
New Taz 5 owner,needs,help
issues,fiddling for,3 weeks
issues,fiddling with,it
TAZ 6 X belt,rubs,carriage
my turn,chasing,dog
TAZ 5,is with,unusual problem
Problem,is with,replacement single extruder toolhead
axes,are,why are homing
Improved Auto Bed,Leveling,TAZ 6
Dual Extruder V3,used as,single extruder
Bed leveling problem,Nozzle of,V3
Archim board,looks like,upgraded Rambo
TAZ 6,is with,Aerostruder problems
Rambo Patch,adding capacitor to,z-min
Rambo Patch,adding,capacitor
6 Printer Nozzle,Drags back through,print
Probing,failed after,Arduino Board change
Taz 6,pauses,printing
Taz 6,printing from,SD card
Taz 5,Print,Jams
Flexystuder,made from,FLEXYDUALLY help
3D iphone case,is with,face
Extruder Head,encased,itself
2 different filaments,is in,1 print
Answer256,Can adjust bed on,Taz 6
Answer256,Can adjust,bed
Aerostruder connector,is with,V2C tool harness
LulzBot TAZ 5 Motherboard,swapped for,RAMBo 1.3
LulzBot TAZ 5 Motherboard,printing,only limited to few inches on X/Y Axis
Dual extruder v3 prints,is with,wrong head midprint
Prints,end up,printing in air
Capacitive Auto,Bed,Leveling
TAZ 3,is with,new TAZ 5 Compatible Extruder
Brand New Heated Beds,Under Bubbles is,Yes Plural
Filament channel,is,clogged
Heater pin,melted on,RAMBo
TAZ,wiping,nozzle
Proposed dual head,is with,best of single Head
filament,jammed in,extruder
Filament,stuck in,printer
Taz 5 FlexyDually,Skipping/Slipping with,Ninjaflex
Modified,wipe,code
other toolheads,use,V3
Modified,wipe,pad
interlayer bonding issue,is with,TAZ 6
TAZ6 Z axis steppers,making,loud growling noise
Four screws,holding control box to,frame
Four screws,holding,control box
Shell,is peeling off,model
Total NOOB,is with,soooo many questions
Thermal Error,is with,blank Heater _ ID
Dual V3,is with,flexible filaments
Poor Man,has,Pause on Filament Run
Random temperature drop,disconnection on,Taz 5 Dual v2
Backlash,is in,y axis
filament,does extrude before,printing
1.75 mm filament,is in,3.0 mm hot end
Taz 5 Heating,Bed,Temperature error
Review,Print,Bed Heater
Left Z axis,threaded,rod binding
Taz5 Z-axis,skewed after,print
New Taz6,Help with,poor prints
Flexystruder v2,Is,Is discontinued
Dual Extruder 3,is with,Flexi
contact,is with,print volume
Dualhead Taz v2,does compare to,v3
TAZ6 Z Homing Issues,is with,Standard Tool Head
Taz 5 user,looking for,test print TAZ 6
feature,Ditched,my skirt for Prusa i3 Mk2 style
User437,made for,TAZ
Severe Warping Printing Spare parts,using,Chroma Strand ABS
Hexagon,Print,head
ABS,sticks to,plate
ABS,sticks like,insanity
Moarstruder External,Fill,Pattern
Taz 6,just stopped,working
Z motors,get out of,sync
Printer,stops,extruding
Z axis issue,is with,new TAZ6
Problem,is with,Taz 6
plates,Buying,used taz 3/4/5 bed
40 mm cooling fan,replacing,original 24v
DIY TAZ-6 Auto home,was,problem
SD card plastic,broke off Taz6 inside,card reader
SD card plastic,broke off,Taz6
ABS HIPS,suggested,settings
TAZ5,stops,printing
TAZ5,stops printing after,few hours
Taz6 Flezystruder problem,is with,Auto Home
Bridge Nylon,lifting,PEI sheet
printing,is with,flexy
TAZ 5 Heated Build plate Connector,smells like,magic smoke
y-axis,being,off about 0.10 mm
Anyone,installing,one
Tensioner Boby,Keeps,Breaking
Nozzle,pressing into,washers
Nozzle,doing,bed level
extruder temp,wait,command
Modified heatsink fan duct,is With,LEDs
Printer,stops,midprint
Filament,bending at,top exstruder
Line voids,is in,prints
Bed centered cam,mount for,taz 6
trouble,is with,axis homing
Taz 3,showing,error mintemp
Bearing play,Is,normal
Taz 6,Left,Side
Need help,inserting,new Igus bushings
Anyone,Tried,Removable PEI Bed
Removable Taz 6,Print,Surface
Dual Extruder Blobs,is with,1.75 mm filament
Answer561,lube,rails
Taz 6,messing up,layers
Trouble,Print,Head
Trouble,Print,Fans
Anyone,have,Extruder stepper motor pin-out
Bubbles,is in,PEI sheet
Problem,is with,First Layer
User585,do print from,T1 with T0 support structures
User590,can run,How many TAZ
User590,TAZ can run on,15 Amp breaker
Enclosure Question,Attach to,Taz
Anyone,is with,Thermal Runaway issue
Problem,is with,Y-Axis Belt Mount
Does anyone,tried,BuildTak FlexPlate System
TAZ6 Auto,Can,Can Leveling added to TAZ5
Tax 6 Poor,Print,Quality
Taz 6 Extruder Harness Snagging Prints,Leading to,Failue
Anyone,put,thermocouple
Anyone,put thermocouple on,TAZ 5
TAZ 5,Stops,Mid-Print
User661,Should add,raspberry Pi
HIPS Support Material,Melts on,Long
PLA,is,too stiff
Weird,Print,Problem
Flexy,Dually v1,Installation instructions
Flexy,Dually v1 Installation instructions on,TAZ 5
User700,'ll admit,it
User700,like,em small
Taz 4/5,has,issues with Z Home
Dual Extruder,is with,Water-soluble filament
Taz 6,Clogging after,2-3 layers
TAZ 6,Print,Shifting
Extruder,running into,edge of print bed
FlexyDually,is with,Stock v2 .1 possible
TAZ 6,Manually Loading,Filament
My printer,just caught on,fire
nozzle,makes,sharp turn
anyone,Did ever get,their machine
Adventures,is with,PETG
User728,booted into,Windows
Taz 6,stopped,print
TAZ 6,extruded,harness pinout
Taz 6,Bed,leveling
Taz 6,leveling,chaotic
much offset,is,normal
much offset,is normal for,auto alignment
Heater Resistor Stuck,is in,Heater Block
Stepper Motor Unresponsive,is in,E01 Port
Time Lapse,Print,Recording
Taz 6,Retracting,too much
Temperature,Controlled,Enclosure
Practical minimum layer height,is with,Taz-6
Taz-6,is with,nGen filament
Filament material,printed,parts
Kid,for,Costume
Large prints,shifting while,dual extrusion printing
Snapped Nozzle,is with,solution
Taz 6,continued,issuea
Issues,Printing,Small Part
Idler Arm,Finally Cracked on,TAZ5
Taz 6 Nozzle touches,printing,solid layers
Shifting,first couple of,layers
Consistent Jams,is with,PLA
Gliches,is in,TAZ6
Whats,going on in,nGen print
Electrical issues,is with,TAZ 5
Printer,stops,mid print
Mini 's flexystruder,is in,Taz 6
Taz 5,went,black
Answer837,how long can run,Taz 5
LulzBot TAZ Tool Head v2,skips,filament
e-step,is in,Cura
Flexystruder V1,is with,Taz 5
TAZ6 Dual Extruder v2,starting,print
Taz 4,stopping sometimes,mid-print
Debris,appears in,extruded filament
y _ idler _,mount,_ v4 .0
secondary extruder wire harness,Is same for,Dual
secondary extruder wire harness,Is,same
Elephant,with,Foot
problem,is with,Z axis
Experiences,is in,Europe
Clack Clack,sound on,retract TAZ4 Budaschnozzle 2
Taz 5,stops,extruding at exactly same point
Servo,causing,limit switch problem
User884,Can make,Flexystruder with hotend
stock NEMA motors,can take,How much heat
Answer894,do have,How many hours
Answer894,hours do have on,your lulzbot taz X
TAZ 5 PLA,have after,print
Taz 5,only extrudes,filament
TAZ z-axis,grinding at,start print
Taz 4 3 Point,Bed,Mounting
New taz 6,need,help please with dimensional accuracy
Taz 6,skipping commands at,end of gcode files
Taz 6,skipping,commands
Prints,come out,lumpy
Answer936,remotely control,power to your Taz
Lines,is in,print
Finest layer,setting for,Taz 5
Y-Axis,will,jams rotating
Taz 5 ABS,cracking with,even cat guard
Does Flexystruder work,is with,filaments
Y,grinding nozzle on,print
Y,grinding,nozzle
Difficulties,is with,prime tower/ooze shield failures
Taz 6,Scratched,My Build Plate
Taz 3,is with,hexagon hot end
TAZ 5 Harbor Freight,Print,Station
Taz 5,stopped,working
TAZ 5,Stops in,middle of project
Printing Calibration Cubes,is with,Flat Corners
TAZ5,producing,rough surface
Taz 4,Print,issue
Anyone,sell,their old taz
User997,do print,details smaller
anyone,Has modelled,TAZ hexagon hot end
anyone,Has modelled TAZ hexagon end in,3d
User1012,would get,lulzbot taz 3 budaschnozzle
Change,is in,print bed
Printing fine details,is with,TAZ 5
TAZ5,heatbed,thermal view
Dual Extruder,Knocking,normal
Extrusion Problem,is with,Dual Extruder v2
Heat,set,inserts
Taz 5 printer,is hanging,mid print
Best top,mounted,TAZ 5 Spool bracket stl
Problems,is with,New TAZ 5 printer
fan,Can,Can used on high temp prints
Random,wait for,user input
Best printer parts,store for,TAZ 5
Answer1065,have,current firmware on your TAZ5
someone,help,lulzbot taz 4
help,be,would appreciated
Flexystruder,too tight for,filament
One week,is with,new TAZ 5
Dual extruder V2,is,available
melted filament,coming out,top of heat block
Printing Multi-material parts,is with,single extruder
dial gauge,mount for,taz 5
Taz5 Dual V2 issue,Could,Could firmware
Issue,is with,filament/Extruder
ED3 V6 cooling fan,have,mintemp error
my TAZ 5,is with,minimal modifications
Removing,set screws on,motors
Removing,set,screws
Issues,printing,taller objects
nozzle,got,clogged
Enclosure,is with,electronics
Z axis steppers,move at,different rates
Cant,correct,size
Cant,get,prints
User1181,am guessing,breathing
User1183,have done to,my Taz
Sh!tty,build,quality
Severe issues,is With,PLA
Issues,is with,taller prints
ABS,sticks to,plate
ABS,sticks like,insanity
Flexystruder v2,Print,Settings
TAZ,Does have,any over heating safety measures
Answer1218,Do still use ABS Juice with,heated TAZ 5 bed
Answer1218,Do still use,ABS Juice
First print,ripped,my bed
Problems,is with,STL files from Autodesk Inventor
User1228,Did just put divot in,my bed
User1228,Did just put,divot
Nozzle temp,dropping during,print
Filament,getting,stuck
Taz 5 Power Supply,is with,Dead Fan
Trouble,is with,prints staying
Printing,crashed on,USB connect
TAZ 4,Failed,Prints
User1255,do use,my tool bag
Long,Print,Job
dropping,is,when on
Original Taz,is with,Dual Extruder Error
sale,is in,Northern Virgina
hobbed bolt,eating into,filament
Dual extruder,is,garbage
anyone,Is,frustrated
anyone,Is,bit frustrated buy
x-axis,going out of,level
Auto,Bed,Leveling
Different z heights,is with,different extruders
Stepper Motors,is in,Enclosure
anyone,Has done,flexy dualie hexagon
TAZ5,Mimicking,Printing
TAZ 4 clogging issues,is with,PLA
PEI,Bed,Sticks Too
PEI,separating from,adhesive
Taz 5,Upgraded,bearings
Taz 5,Upgraded,rods
Taz 4 X End Plate,FlexyDually FOR,SALE
Anyone,see here,3d scanner post
TAZ 5 Mechanical Assembly,is in,FreeCAD
Printing Taz3,is with,LulzMini
Answer1357,can give,me
usable supports,is with,TAZ4 Dual
Wire,came out of,extruder
AXIS moves,are,inconsistent
Best Video Camera,set up for,OctoPrint Pi
Z-axis,threaded,pole misalignment
sproket,come,loose
New TAZ5 user,needs,help
Noises,coming from,Extruder assembly
Taz,damaged out,box
User1430,'m out of,them
Taz 5 Hotend problem,please,help
Holes,is in,top layer
Hexagon Hot End,Clogged with,HIPS
TAZ clone,sporting,2W laser cutter
Heat Resistors,Keep Out,Burning
User1476,got,question
User1478,'m in,jam
Taz 5 low spot,is in,bed from heater wires
Small cylindrical parts,printing,oval
Kauri Cables gunna,be,tight
Prints,failed,stoping at same height 4 Times 2 parts
Z-Axis,Stops,Stepping
TAZ 5,Left,Side Fan Duct
Replacment,printed parts for,Taz 5
Replacment,printed,parts
Fine tuning help,needed since,hex hotend
Hexagon Hotend,requires temperature for,PLA
Hexagon Hotend,requires,much higher temperature
Answer1528,Can mix,hex
Answer1528,Can mix,budda
TAZ 5,is with,Mini upgrades
Hot end,cools in,middle of print
New User,seeking,advice
New hotend,is in,Europe
Marlin,are tuned to,my printer
Marlin,files on,SD
Marlin,are,tuned
Odd pattern,printing,flat box
PLA prints,are curling off,bed
Homing Kittaz,sends head into,bed
Homing Kittaz,sends,head
Single Extruder hotends,can swap,them
Problem,using,Flashair SD Card
Hot End temp,stringing,results
Heated bed,always registers 1c below,set temp
Sudden issue,is with,default TAZ3 profile
Answer1590,Do unplug,your power supply
J-Head,mount for,TAZ
hard time,getting,prints
Y axis,skips during,very long print
Chunky printing,is in,perimeters
General,Help with,Taz 4
PLA,leaking around,nozzle heater
anybody,doing,it
real taz 4,will build,volume please
x axis,now running in,reverse direction
ships,is with,TAZ 4
Stepper moror,is,very hot
Fan,Lowering,Hot End Temp
Issues,is with,Pronterface motor control
User1663,do unclog,it
Taz 4 quivers,printing,round sequences
XY Steppers,stopped during,print
Taz 4,LED,mod/kit
hand,made,Cooler Fan issue TAZ3
Custom Taz 3,is with,upgraded z-axis
Green tape stuff,pealing off,bed glass
TAZ LCD,start,blink
TAZ 2,Print,Quality
Bed Calibration,Print,Question
my herringbone gears,fried,stepper motor
User1728,Can leave in,my unheated Garage
LCD,Resetting,Itself
Lulzbot Customer Support,is in,need of upgrade
Bent,threaded,rod
Hobbed bolt,chewing through,ABS
Taz 2.0,manufacturered,parts
X-axis,shifting with,large prints
TAZ,is with,Laser
Answer1790,kept,your TAZ box
Bed,suddenly stopped,heating
